sweep,size,target_fps,phase,status,started_iso,elapsed_s,last_step,wns_ns,fmax_mhz,lut,lut_pct,ff,bram18,bram18_pct,dsp,dsp_pct,est_fps_fpga,est_latency_us,bitstream_mb,folding_json,cpu_layers_json,log_path,error_excerpt
cnn_int8_qi,medium,1000,B,tool_fail,2026-05-02T03:15:00Z,3213,step_synthesize_bitfile,,,,,,,,,,,,,,,results/finn/size_sweep_qi/compile_logs/cnn_int8_medium_qi.log,ERROR: [Common 17-69] Command failed: Run 'impl_1' failed. Unable to open
cnn_int8_qi,large,1000,B,tool_fail,2026-05-02T04:08:33Z,4500,,,,,,,,,,,,,,,,results/finn/size_sweep_qi/compile_logs/cnn_int8_large_qi.log,
cnn_int8_qi,deep_3,1000,B,tool_fail,2026-05-02T05:23:34Z,1571,,,,,,,,,,,,,,,,results/finn/size_sweep_qi/compile_logs/cnn_int8_deep_3_qi.log,
cnn_int8_cifar10_qi,small,1000,B,success,2026-05-02T09:09:08Z,1953,step_deployment_package,2.524,133.76,39199,55.55,40710,49,11.34,26,7.22,1356.3368055555557,1913.09,5.31,"{""FMPadding_rtl_0"": {""PE"": null, ""SIMD"": 3}, ""ConvolutionInputGenerator_rtl_0"": {""PE"": null, ""SIMD"": 1}, ""MVAU_hls_0"": {""PE"": 1, ""SIMD"": 9}, ""StreamingMaxPool_hls_0"": {""PE"": 1, ""SIMD"": null}, ""FMPadding_rtl_1"": {""PE"": null, ""SIMD"": 16}, ""ConvolutionInputGenerator_rtl_1"": {""PE"": null, ""SIMD"": 1}, ""MVAU_hls_1"": {""PE"": 4, ""SIMD"": 4}, ""StreamingMaxPool_hls_1"": {""PE"": 1, ""SIMD"": null}}","[[""MultiThreshold"", ""MultiThreshold_0""], [""Transpose"", ""Transpose_0""], [""Transpose"", ""Transpose_1""], [""GlobalAveragePool"", ""GlobalAveragePool_0""], [""Flatten"", ""Flatten_0""], [""MatMul"", ""MatMul_0""], [""Mul"", ""Mul_0""], [""Add"", ""Add_0""]]",results/finn/size_sweep_qi/compile_logs/cnn_int8_cifar10_small_qi.log,
cnn_int8_qi,tiny,1000,B,success,2026-05-02T09:41:42Z,1488,step_deployment_package,3.867,163.05,20894,29.61,24327,21,4.86,4,1.11,1328.656462585034,1556.04,5.31,"{""FMPadding_rtl_0"": {""PE"": null, ""SIMD"": 1}, ""ConvolutionInputGenerator_rtl_0"": {""PE"": null, ""SIMD"": 1}, ""MVAU_hls_0"": {""PE"": 1, ""SIMD"": 1}, ""StreamingMaxPool_hls_0"": {""PE"": 1, ""SIMD"": null}, ""FMPadding_rtl_1"": {""PE"": null, ""SIMD"": 8}, ""ConvolutionInputGenerator_rtl_1"": {""PE"": null, ""SIMD"": 1}, ""MVAU_hls_1"": {""PE"": 1, ""SIMD"": 3}, ""StreamingMaxPool_hls_1"": {""PE"": 1, ""SIMD"": null}}","[[""MultiThreshold"", ""MultiThreshold_0""], [""Transpose"", ""Transpose_0""], [""Transpose"", ""Transpose_1""], [""GlobalAveragePool"", ""GlobalAveragePool_0""], [""Flatten"", ""Flatten_0""], [""MatMul"", ""MatMul_0""], [""Mul"", ""Mul_0""], [""Add"", ""Add_0""]]",results/finn/size_sweep_qi/compile_logs/cnn_int8_tiny_qi.log,
mlp_int8_qi,tiny,1000,B,success,2026-05-02T10:06:31Z,1556,step_deployment_package,3.021,143.29,21008,29.77,24616,175,40.51,3,0.83,1992.984693877551,525.44,5.31,"{""MVAU_hls_0"": {""PE"": 1, ""SIMD"": 1}, ""MVAU_hls_1"": {""PE"": 1, ""SIMD"": 1}, ""MVAU_rtl_0"": {""PE"": 1, ""SIMD"": 1}}","[[""MultiThreshold"", ""MultiThreshold_0""], [""Flatten"", ""Flatten_0""], [""Mul"", ""Mul_0""], [""Add"", ""Add_0""]]",results/finn/size_sweep_qi/compile_logs/mlp_int8_tiny_qi.log,
mlp_int8_qi,tiny_plus,1000,B,success,2026-05-02T10:32:27Z,1605,step_deployment_package,2.581,134.79,21825,30.93,23663,288,66.67,3,0.83,1328.656462585034,803.52,5.31,"{""MVAU_hls_0"": {""PE"": 1, ""SIMD"": 1}, ""MVAU_hls_1"": {""PE"": 1, ""SIMD"": 1}, ""MVAU_rtl_0"": {""PE"": 1, ""SIMD"": 1}}","[[""MultiThreshold"", ""MultiThreshold_0""], [""Flatten"", ""Flatten_0""], [""Mul"", ""Mul_0""], [""Add"", ""Add_0""]]",results/finn/size_sweep_qi/compile_logs/mlp_int8_tiny_plus_qi.log,
mlp_int8_qi,small,1000,B,success,2026-05-02T10:59:13Z,1437,step_deployment_package,2.471,132.82,21042,29.82,23655,317,73.38,4,1.11,1992.984693877551,590.08,5.31,"{""MVAU_hls_0"": {""PE"": 1, ""SIMD"": 2}, ""MVAU_hls_1"": {""PE"": 1, ""SIMD"": 1}, ""MVAU_rtl_0"": {""PE"": 1, ""SIMD"": 1}}","[[""MultiThreshold"", ""MultiThreshold_0""], [""Flatten"", ""Flatten_0""], [""Mul"", ""Mul_0""], [""Add"", ""Add_0""]]",results/finn/size_sweep_qi/compile_logs/mlp_int8_small_qi.log,
mlp_int8_qi,small_plus,1000,B,tool_fail,2026-05-02T11:23:10Z,1493,step_synthesize_bitfile,,,,,,,,,,,,,,,results/finn/size_sweep_qi/compile_logs/mlp_int8_small_plus_qi.log,ERROR: [Common 17-69] Command failed: Run 'impl_1' failed. Unable to open
mlp_int8_qi,medium,1000,B,success,2026-05-02T11:48:04Z,1782,step_deployment_package,0.473,104.96,29521,41.84,24396,430,99.54,6,1.67,1992.984693877551,842.24,5.31,"{""MVAU_hls_0"": {""PE"": 1, ""SIMD"": 4}, ""MVAU_hls_1"": {""PE"": 1, ""SIMD"": 1}, ""MVAU_rtl_0"": {""PE"": 1, ""SIMD"": 1}}","[[""MultiThreshold"", ""MultiThreshold_0""], [""Flatten"", ""Flatten_0""], [""Mul"", ""Mul_0""], [""Add"", ""Add_0""]]",results/finn/size_sweep_qi/compile_logs/mlp_int8_medium_qi.log,
mlp_int8_qi,large,1000,B,tool_fail,2026-05-02T12:17:46Z,2409,step_synthesize_bitfile,,,,,,,,,,,,,,,results/finn/size_sweep_qi/compile_logs/mlp_int8_large_qi.log,ERROR: [Common 17-69] Command failed: Run 'impl_1' failed. Unable to open
mlp_int8_qi,original,1000,B,success,2026-05-02T12:57:56Z,2426,step_deployment_package,0.663,107.1,49909,70.73,30879,429,99.31,7,1.94,1525.87890625,1497.6,5.31,"{""MVAU_hls_0"": {""PE"": 1, ""SIMD"": 4}, ""MVAU_hls_1"": {""PE"": 1, ""SIMD"": 1}, ""MVAU_hls_2"": {""PE"": 1, ""SIMD"": 1}, ""MVAU_rtl_0"": {""PE"": 1, ""SIMD"": 1}}","[[""MultiThreshold"", ""MultiThreshold_0""], [""Flatten"", ""Flatten_0""], [""Mul"", ""Mul_0""], [""Add"", ""Add_0""]]",results/finn/size_sweep_qi/compile_logs/mlp_int8_original_qi.log,
cnn_int8_qi,medium,200,B,success,2026-05-02T13:38:23Z,1686,step_deployment_package,1.193,113.55,34132,48.37,41122,58,13.43,9,2.5,221.44274376417235,7444.44,5.31,"{""FMPadding_rtl_0"": {""PE"": null, ""SIMD"": 1}, ""ConvolutionInputGenerator_rtl_0"": {""PE"": null, ""SIMD"": 1}, ""MVAU_hls_0"": {""PE"": 1, ""SIMD"": 1}, ""StreamingMaxPool_hls_0"": {""PE"": 1, ""SIMD"": null}, ""FMPadding_rtl_1"": {""PE"": null, ""SIMD"": 32}, ""ConvolutionInputGenerator_rtl_1"": {""PE"": null, ""SIMD"": 1}, ""MVAU_hls_1"": {""PE"": 2, ""SIMD"": 4}, ""StreamingMaxPool_hls_1"": {""PE"": 1, ""SIMD"": null}}","[[""MultiThreshold"", ""MultiThreshold_0""], [""Transpose"", ""Transpose_0""], [""Transpose"", ""Transpose_1""], [""GlobalAveragePool"", ""GlobalAveragePool_0""], [""Flatten"", ""Flatten_0""], [""MatMul"", ""MatMul_0""], [""Mul"", ""Mul_0""], [""Add"", ""Add_0""]]",results/finn/size_sweep_qi/compile_logs/cnn_int8_medium_qi_fps200.log,
cnn_int8_qi,large,200,B,tool_fail,2026-05-02T14:06:30Z,1573,step_synthesize_bitfile,,,,,,,,,,,,,,,results/finn/size_sweep_qi/compile_logs/cnn_int8_large_qi_fps200.log,ERROR: [Common 17-69] Command failed: Run 'impl_1' failed. Unable to open
cnn_int8_qi,deep_3,200,B,success,2026-05-02T14:32:44Z,1766,step_deployment_package,2.283,129.58,29916,42.4,32967,312,72.22,5,1.39,221.44274376417235,10692.13,5.31,"{""FMPadding_rtl_0"": {""PE"": null, ""SIMD"": 1}, ""ConvolutionInputGenerator_rtl_0"": {""PE"": null, ""SIMD"": 1}, ""MVAU_hls_0"": {""PE"": 1, ""SIMD"": 1}, ""StreamingMaxPool_hls_0"": {""PE"": 1, ""SIMD"": null}, ""FMPadding_rtl_1"": {""PE"": null, ""SIMD"": 16}, ""ConvolutionInputGenerator_rtl_1"": {""PE"": null, ""SIMD"": 1}, ""MVAU_hls_1"": {""PE"": 1, ""SIMD"": 2}, ""StreamingMaxPool_hls_1"": {""PE"": 1, ""SIMD"": null}, ""FMPadding_rtl_2"": {""PE"": null, ""SIMD"": 32}, ""ConvolutionInputGenerator_rtl_2"": {""PE"": null, ""SIMD"": 1}, ""MVAU_hls_2"": {""PE"": 1, ""SIMD"": 2}}","[[""MultiThreshold"", ""MultiThreshold_0""], [""Transpose"", ""Transpose_0""], [""MaxPoolNHWC"", ""MaxPoolNHWC_0""], [""Transpose"", ""Transpose_1""], [""GlobalAveragePool"", ""GlobalAveragePool_0""], [""Flatten"", ""Flatten_0""], [""MatMul"", ""MatMul_0""], [""Mul"", ""Mul_0""], [""Add"", ""Add_0""]]",results/finn/size_sweep_qi/compile_logs/cnn_int8_deep_3_qi_fps200.log,
cnn_int4_qi,tiny,1000,B,success,2026-05-02T15:02:10Z,1296,step_deployment_package,5.728,234.08,10740,15.22,14599,16,3.7,4,1.11,1328.656462585034,1556.04,5.31,"{""FMPadding_rtl_0"": {""PE"": null, ""SIMD"": 1}, ""ConvolutionInputGenerator_rtl_0"": {""PE"": null, ""SIMD"": 1}, ""MVAU_hls_0"": {""PE"": 1, ""SIMD"": 1}, ""StreamingMaxPool_hls_0"": {""PE"": 1, ""SIMD"": null}, ""FMPadding_rtl_1"": {""PE"": null, ""SIMD"": 8}, ""ConvolutionInputGenerator_rtl_1"": {""PE"": null, ""SIMD"": 1}, ""MVAU_hls_1"": {""PE"": 1, ""SIMD"": 3}, ""StreamingMaxPool_hls_1"": {""PE"": 1, ""SIMD"": null}}","[[""MultiThreshold"", ""MultiThreshold_0""], [""Transpose"", ""Transpose_0""], [""Transpose"", ""Transpose_1""], [""GlobalAveragePool"", ""GlobalAveragePool_0""], [""Flatten"", ""Flatten_0""], [""MatMul"", ""MatMul_0""], [""Mul"", ""Mul_0""], [""Add"", ""Add_0""]]",results/finn/size_sweep_qi/compile_logs/cnn_int4_tiny_qi.log,
cnn_int4_qi,small,1000,B,success,2026-05-02T15:23:47Z,1323,step_deployment_package,5.344,214.78,12189,17.27,17189,34,7.87,15,4.17,1328.656462585034,1511.8,5.31,"{""FMPadding_rtl_0"": {""PE"": null, ""SIMD"": 1}, ""ConvolutionInputGenerator_rtl_0"": {""PE"": null, ""SIMD"": 1}, ""MVAU_hls_0"": {""PE"": 1, ""SIMD"": 3}, ""StreamingMaxPool_hls_0"": {""PE"": 1, ""SIMD"": null}, ""FMPadding_rtl_1"": {""PE"": null, ""SIMD"": 16}, ""ConvolutionInputGenerator_rtl_1"": {""PE"": null, ""SIMD"": 1}, ""MVAU_hls_1"": {""PE"": 1, ""SIMD"": 12}, ""StreamingMaxPool_hls_1"": {""PE"": 1, ""SIMD"": null}}","[[""MultiThreshold"", ""MultiThreshold_0""], [""Transpose"", ""Transpose_0""], [""Transpose"", ""Transpose_1""], [""GlobalAveragePool"", ""GlobalAveragePool_0""], [""Flatten"", ""Flatten_0""], [""MatMul"", ""MatMul_0""], [""Mul"", ""Mul_0""], [""Add"", ""Add_0""]]",results/finn/size_sweep_qi/compile_logs/cnn_int4_small_qi.log,
cnn_int4_qi,medium,1000,B,success,2026-05-02T15:45:51Z,1472,step_deployment_package,3.601,156.27,15626,22.15,22570,28,6.48,83,23.06,1328.656462585034,1925.08,5.31,"{""FMPadding_rtl_0"": {""PE"": null, ""SIMD"": 1}, ""ConvolutionInputGenerator_rtl_0"": {""PE"": null, ""SIMD"": 1}, ""MVAU_hls_0"": {""PE"": 1, ""SIMD"": 3}, ""StreamingMaxPool_hls_0"": {""PE"": 1, ""SIMD"": null}, ""FMPadding_rtl_1"": {""PE"": null, ""SIMD"": 32}, ""ConvolutionInputGenerator_rtl_1"": {""PE"": null, ""SIMD"": 1}, ""MVAU_hls_1"": {""PE"": 8, ""SIMD"": 9}, ""StreamingMaxPool_hls_1"": {""PE"": 1, ""SIMD"": null}}","[[""MultiThreshold"", ""MultiThreshold_0""], [""Transpose"", ""Transpose_0""], [""Transpose"", ""Transpose_1""], [""GlobalAveragePool"", ""GlobalAveragePool_0""], [""Flatten"", ""Flatten_0""], [""MatMul"", ""MatMul_0""], [""Mul"", ""Mul_0""], [""Add"", ""Add_0""]]",results/finn/size_sweep_qi/compile_logs/cnn_int4_medium_qi.log,
cnn_int4_qi,deep_3,1000,B,success,2026-05-02T16:10:23Z,1506,step_deployment_package,4.865,194.74,14330,20.31,19887,43,9.95,27,7.5,1328.656462585034,2413.09,5.31,"{""FMPadding_rtl_0"": {""PE"": null, ""SIMD"": 1}, ""ConvolutionInputGenerator_rtl_0"": {""PE"": null, ""SIMD"": 1}, ""MVAU_hls_0"": {""PE"": 1, ""SIMD"": 3}, ""StreamingMaxPool_hls_0"": {""PE"": 1, ""SIMD"": null}, ""FMPadding_rtl_1"": {""PE"": null, ""SIMD"": 16}, ""ConvolutionInputGenerator_rtl_1"": {""PE"": null, ""SIMD"": 1}, ""MVAU_hls_1"": {""PE"": 1, ""SIMD"": 12}, ""StreamingMaxPool_hls_1"": {""PE"": 1, ""SIMD"": null}, ""FMPadding_rtl_2"": {""PE"": null, ""SIMD"": 32}, ""ConvolutionInputGenerator_rtl_2"": {""PE"": null, ""SIMD"": 1}, ""MVAU_hls_2"": {""PE"": 1, ""SIMD"": 12}}","[[""MultiThreshold"", ""MultiThreshold_0""], [""Transpose"", ""Transpose_0""], [""MaxPoolNHWC"", ""MaxPoolNHWC_0""], [""Transpose"", ""Transpose_1""], [""GlobalAveragePool"", ""GlobalAveragePool_0""], [""Flatten"", ""Flatten_0""], [""MatMul"", ""MatMul_0""], [""Mul"", ""Mul_0""], [""Add"", ""Add_0""]]",results/finn/size_sweep_qi/compile_logs/cnn_int4_deep_3_qi.log,
cnn_int4_qi,large,1000,B,success,2026-05-02T16:35:30Z,1743,step_deployment_package,3.506,153.99,19806,28.07,28043,46,10.65,163,45.28,1328.656462585034,2723.33,5.31,"{""FMPadding_rtl_0"": {""PE"": null, ""SIMD"": 1}, ""ConvolutionInputGenerator_rtl_0"": {""PE"": null, ""SIMD"": 1}, ""MVAU_hls_0"": {""PE"": 1, ""SIMD"": 3}, ""StreamingMaxPool_hls_0"": {""PE"": 1, ""SIMD"": null}, ""FMPadding_rtl_1"": {""PE"": null, ""SIMD"": 32}, ""ConvolutionInputGenerator_rtl_1"": {""PE"": null, ""SIMD"": 1}, ""MVAU_hls_1"": {""PE"": 8, ""SIMD"": 9}, ""StreamingMaxPool_hls_1"": {""PE"": 1, ""SIMD"": null}, ""FMPadding_rtl_2"": {""PE"": null, ""SIMD"": 64}, ""ConvolutionInputGenerator_rtl_2"": {""PE"": null, ""SIMD"": 1}, ""MVAU_hls_2"": {""PE"": 8, ""SIMD"": 9}}","[[""MultiThreshold"", ""MultiThreshold_0""], [""Transpose"", ""Transpose_0""], [""MaxPoolNHWC"", ""MaxPoolNHWC_0""], [""Transpose"", ""Transpose_1""], [""GlobalAveragePool"", ""GlobalAveragePool_0""], [""Flatten"", ""Flatten_0""], [""MatMul"", ""MatMul_0""], [""Mul"", ""Mul_0""], [""Add"", ""Add_0""]]",results/finn/size_sweep_qi/compile_logs/cnn_int4_large_qi.log,
mlp_int4_qi,tiny,1000,B,success,2026-05-02T17:04:34Z,1695,step_deployment_package,4.45,180.18,12017,17.03,18941,32,7.41,3,0.83,1992.984693877551,525.44,5.31,"{""MVAU_hls_0"": {""PE"": 1, ""SIMD"": 1}, ""MVAU_hls_1"": {""PE"": 1, ""SIMD"": 1}, ""MVAU_rtl_0"": {""PE"": 1, ""SIMD"": 1}}","[[""MultiThreshold"", ""MultiThreshold_0""], [""Flatten"", ""Flatten_0""], [""Mul"", ""Mul_0""], [""Add"", ""Add_0""]]",results/finn/size_sweep_qi/compile_logs/mlp_int4_tiny_qi.log,
mlp_int4_qi,tiny_plus,1000,B,success,2026-05-02T17:32:49Z,1425,step_deployment_package,4.838,193.72,12050,17.08,18926,62,14.35,3,0.83,1328.656462585034,803.52,5.31,"{""MVAU_hls_0"": {""PE"": 1, ""SIMD"": 1}, ""MVAU_hls_1"": {""PE"": 1, ""SIMD"": 1}, ""MVAU_rtl_0"": {""PE"": 1, ""SIMD"": 1}}","[[""MultiThreshold"", ""MultiThreshold_0""], [""Flatten"", ""Flatten_0""], [""Mul"", ""Mul_0""], [""Add"", ""Add_0""]]",results/finn/size_sweep_qi/compile_logs/mlp_int4_tiny_plus_qi.log,
mlp_int4_qi,small,1000,B,success,2026-05-02T17:56:34Z,1247,step_deployment_package,4.419,179.18,11674,16.54,19120,51,11.81,4,1.11,1992.984693877551,590.08,5.31,"{""MVAU_hls_0"": {""PE"": 1, ""SIMD"": 2}, ""MVAU_hls_1"": {""PE"": 1, ""SIMD"": 1}, ""MVAU_rtl_0"": {""PE"": 1, ""SIMD"": 1}}","[[""MultiThreshold"", ""MultiThreshold_0""], [""Flatten"", ""Flatten_0""], [""Mul"", ""Mul_0""], [""Add"", ""Add_0""]]",results/finn/size_sweep_qi/compile_logs/mlp_int4_small_qi.log,
mlp_int4_qi,small_plus,1000,B,success,2026-05-02T18:17:21Z,1251,step_deployment_package,4.734,189.9,11863,16.81,19413,69,15.97,4,1.11,1328.656462585034,946.56,5.31,"{""MVAU_hls_0"": {""PE"": 1, ""SIMD"": 2}, ""MVAU_hls_1"": {""PE"": 1, ""SIMD"": 1}, ""MVAU_rtl_0"": {""PE"": 1, ""SIMD"": 1}}","[[""MultiThreshold"", ""MultiThreshold_0""], [""Flatten"", ""Flatten_0""], [""Mul"", ""Mul_0""], [""Add"", ""Add_0""]]",results/finn/size_sweep_qi/compile_logs/mlp_int4_small_plus_qi.log,
mlp_int4_qi,medium,1000,B,success,2026-05-02T18:38:12Z,1302,step_deployment_package,4.89,195.69,11857,16.8,19798,89,20.6,6,1.67,1992.984693877551,842.24,5.31,"{""MVAU_hls_0"": {""PE"": 1, ""SIMD"": 4}, ""MVAU_hls_1"": {""PE"": 1, ""SIMD"": 1}, ""MVAU_rtl_0"": {""PE"": 1, ""SIMD"": 1}}","[[""MultiThreshold"", ""MultiThreshold_0""], [""Flatten"", ""Flatten_0""], [""Mul"", ""Mul_0""], [""Add"", ""Add_0""]]",results/finn/size_sweep_qi/compile_logs/mlp_int4_medium_qi.log,
cnn_int8_qi,tiny,10000,C,success,2026-05-02T19:03:58Z,2211,step_deployment_package,0.873,109.57,39609,56.14,21602,9,2.08,43,11.94,13896.609227348526,300.24,5.31,"{""FMPadding_rtl_0"": {""PE"": null, ""SIMD"": 1}, ""ConvolutionInputGenerator_rtl_0"": {""PE"": null, ""SIMD"": 1}, ""MVAU_hls_0"": {""PE"": 1, ""SIMD"": 9}, ""StreamingMaxPool_hls_0"": {""PE"": 1, ""SIMD"": null}, ""FMPadding_rtl_1"": {""PE"": null, ""SIMD"": 8}, ""ConvolutionInputGenerator_rtl_1"": {""PE"": null, ""SIMD"": 2}, ""MVAU_hls_1"": {""PE"": 8, ""SIMD"": 4}, ""StreamingMaxPool_hls_1"": {""PE"": 1, ""SIMD"": null}}","[[""MultiThreshold"", ""MultiThreshold_0""], [""Transpose"", ""Transpose_0""], [""Transpose"", ""Transpose_1""], [""GlobalAveragePool"", ""GlobalAveragePool_0""], [""Flatten"", ""Flatten_0""], [""MatMul"", ""MatMul_0""], [""Mul"", ""Mul_0""], [""Add"", ""Add_0""]]",results/finn/size_sweep_qi/compile_logs/cnn_int8_tiny_qi_fps10000.log,
cnn_int8_qi,tiny,100000,C,tool_fail,2026-05-02T19:40:50Z,2203,step_synthesize_bitfile,,,,,,,,,,,,,,,results/finn/size_sweep_qi/compile_logs/cnn_int8_tiny_qi_fps100000.log,ERROR: [Common 17-69] Command failed: Run 'impl_1' failed. Unable to open
cnn_int4_qi,tiny,10000,C,success,2026-05-02T20:47:39Z,1452,step_deployment_package,4.21,172.71,11457,16.24,15907,7,1.62,51,14.17,13896.609227348526,292.4,5.31,"{""FMPadding_rtl_0"": {""PE"": null, ""SIMD"": 1}, ""ConvolutionInputGenerator_rtl_0"": {""PE"": null, ""SIMD"": 1}, ""MVAU_hls_0"": {""PE"": 1, ""SIMD"": 9}, ""StreamingMaxPool_hls_0"": {""PE"": 1, ""SIMD"": null}, ""FMPadding_rtl_1"": {""PE"": null, ""SIMD"": 8}, ""ConvolutionInputGenerator_rtl_1"": {""PE"": null, ""SIMD"": 2}, ""MVAU_hls_1"": {""PE"": 4, ""SIMD"": 9}, ""StreamingMaxPool_hls_1"": {""PE"": 1, ""SIMD"": null}}","[[""MultiThreshold"", ""MultiThreshold_0""], [""Transpose"", ""Transpose_0""], [""Transpose"", ""Transpose_1""], [""GlobalAveragePool"", ""GlobalAveragePool_0""], [""Flatten"", ""Flatten_0""], [""MatMul"", ""MatMul_0""], [""Mul"", ""Mul_0""], [""Add"", ""Add_0""]]",results/finn/size_sweep_qi/compile_logs/cnn_int4_tiny_qi_fps10000.log,
cnn_int4_qi,tiny,100000,C,success,2026-05-02T21:16:37Z,1500,step_deployment_package,3.342,150.2,14284,20.24,17853,8,1.85,248,68.89,63775.510204081635,58.93,5.31,"{""FMPadding_rtl_0"": {""PE"": null, ""SIMD"": 1}, ""ConvolutionInputGenerator_rtl_0"": {""PE"": null, ""SIMD"": 1}, ""MVAU_hls_0"": {""PE"": 8, ""SIMD"": 9}, ""StreamingMaxPool_hls_0"": {""PE"": 1, ""SIMD"": null}, ""FMPadding_rtl_1"": {""PE"": null, ""SIMD"": 8}, ""ConvolutionInputGenerator_rtl_1"": {""PE"": null, ""SIMD"": 8}, ""MVAU_hls_1"": {""PE"": 16, ""SIMD"": 9}, ""StreamingMaxPool_hls_1"": {""PE"": 1, ""SIMD"": null}}","[[""MultiThreshold"", ""MultiThreshold_0""], [""Transpose"", ""Transpose_0""], [""Transpose"", ""Transpose_1""], [""GlobalAveragePool"", ""GlobalAveragePool_0""], [""Flatten"", ""Flatten_0""], [""MatMul"", ""MatMul_0""], [""Mul"", ""Mul_0""], [""Add"", ""Add_0""]]",results/finn/size_sweep_qi/compile_logs/cnn_int4_tiny_qi_fps100000.log,
cnn_int4_qi,tiny,500000,C,success,2026-05-02T21:41:38Z,1502,step_deployment_package,3.342,150.2,14284,20.24,17853,8,1.85,248,68.89,63775.510204081635,58.93,5.31,"{""FMPadding_rtl_0"": {""PE"": null, ""SIMD"": 1}, ""ConvolutionInputGenerator_rtl_0"": {""PE"": null, ""SIMD"": 1}, ""MVAU_hls_0"": {""PE"": 8, ""SIMD"": 9}, ""StreamingMaxPool_hls_0"": {""PE"": 1, ""SIMD"": null}, ""FMPadding_rtl_1"": {""PE"": null, ""SIMD"": 8}, ""ConvolutionInputGenerator_rtl_1"": {""PE"": null, ""SIMD"": 8}, ""MVAU_hls_1"": {""PE"": 16, ""SIMD"": 9}, ""StreamingMaxPool_hls_1"": {""PE"": 1, ""SIMD"": null}}","[[""MultiThreshold"", ""MultiThreshold_0""], [""Transpose"", ""Transpose_0""], [""Transpose"", ""Transpose_1""], [""GlobalAveragePool"", ""GlobalAveragePool_0""], [""Flatten"", ""Flatten_0""], [""MatMul"", ""MatMul_0""], [""Mul"", ""Mul_0""], [""Add"", ""Add_0""]]",results/finn/size_sweep_qi/compile_logs/cnn_int4_tiny_qi_fps500000.log,
cnn_int8_qi,tiny,100000,C,tool_fail,2026-05-02T22:06:40Z,2198,step_synthesize_bitfile,,,,,,,,,,,,,,,results/finn/size_sweep_qi/compile_logs/cnn_int8_tiny_qi_fps100000.log,ERROR: [Common 17-69] Command failed: Run 'impl_1' failed. Unable to open
cnn_int8_qi,tiny,500000,C,tool_fail,2026-05-02T22:43:18Z,2216,step_synthesize_bitfile,,,,,,,,,,,,,,,results/finn/size_sweep_qi/compile_logs/cnn_int8_tiny_qi_fps500000.log,ERROR: [Common 17-69] Command failed: Run 'impl_1' failed. Unable to open
cnn_int8_qi,small,10000,C,tool_fail,2026-05-02T23:20:14Z,4500,,,,,,,,,,,,,,,,results/finn/size_sweep_qi/compile_logs/cnn_int8_small_qi_fps10000.log,
cnn_int8_qi,small,100000,C,tool_fail,2026-05-03T00:35:14Z,4500,,,,,,,,,,,,,,,,results/finn/size_sweep_qi/compile_logs/cnn_int8_small_qi_fps100000.log,
mlp_int4_qi,original,1000,B,success,2026-05-03T01:50:14Z,1268,step_deployment_package,4.356,177.18,12990,18.41,21117,129,29.86,7,1.94,1525.87890625,1497.6,5.31,"{""MVAU_hls_0"": {""PE"": 1, ""SIMD"": 4}, ""MVAU_hls_1"": {""PE"": 1, ""SIMD"": 1}, ""MVAU_hls_2"": {""PE"": 1, ""SIMD"": 1}, ""MVAU_rtl_0"": {""PE"": 1, ""SIMD"": 1}}","[[""MultiThreshold"", ""MultiThreshold_0""], [""Flatten"", ""Flatten_0""], [""Mul"", ""Mul_0""], [""Add"", ""Add_0""]]",results/finn/size_sweep_qi/compile_logs/mlp_int4_original_qi.log,
